Kód;Název prvku;Hladina (level);Barva;Styl čáry;Typ geometrie;Povinné atributy;Povolené hodnoty;Buňka;Popis na hladině
101;Budova;BUDOVY;3 (červená);plná;plocha;;;;POPIS_BUDOV
102;Parcela;PARCELY;2 (zelená);plná;plocha;;;;PARCELNI_CISLA
201;Okraj silnice;KOMUNIKACE;8;plná;linie;;;;
202;Okraj chodníku;KOMUNIKACE;9;čárkovaná;linie;;;;
301;Plot;PLOTY;1 (modrá);DASHDOT;linie;;;;
401;Podrobný bod;BODY;0;;bod;CISLO, KOD;;BOD;
402;Strom listnatý;VEGETACE;2;;bod;DRUH;lípa, dub, javor, bříza, buk;STROM_L;
403;Šachta;SITE;5;;bod;;;SACHTA;
501;Popis budovy (č. p.);POPIS_BUDOV;0;;text;;;;
502;Parcelní číslo;PARCELNI_CISLA;2;;text;;;;
???;Lavička;MOBILIAR;;;;;;;
